ISBN_13,cityId,stockNr
978-1685549596,0,8
978-1685549596,1,7
978-1685549596,2,0
978-0596153939,0,9
978-1615470747,0,2
978-1615470747,1,4
978-1491957660,0,4
978-1491957660,1,9
978-1491957660,2,3
978-1491957660,3,5
978-1491957660,4,8
978-1491957660,5,0
978-1491957660,6,5
978-1491957660,7,8
978-1491957660,8,0
978-1119844426,0,5
978-1119844426,1,3
978-1119844426,2,0
978-1119844426,3,6
978-1119844426,4,9
978-1492088783,0,9
978-1492088783,1,0
978-1492088783,2,1
978-1492088783,3,0
978-1492088783,4,1
978-1108838658,0,6
978-1108838658,1,8
978-1617296055,0,3
978-1617296055,1,3
978-1617296055,2,0
978-1617296055,3,6
978-1617296055,4,6
978-1617296055,5,9
978-1617296055,6,4
978-1617296055,7,2
978-1617296055,8,3
978-0226806433,0,9
978-0226806433,1,0
978-0226806433,2,6
978-0226806433,3,6
978-0226806433,4,0
978-0226806433,5,6
978-0226806433,6,4
978-0226806433,7,0
978-0226806433,8,8
979-8354008353,0,3
979-8354008353,1,0
979-8354008353,2,5
979-8354008353,3,4
979-8354008353,4,2
978-1945051753,0,9
978-1945051753,1,6
978-1945051753,2,9
978-1945051753,3,2
978-1945051753,4,1
978-1945051753,5,1
978-1945051753,6,5
978-1945051753,7,8
979-8642649534,0,2
979-8642649534,1,0
979-8642649534,2,4
979-8642649534,3,2
979-8642649534,4,1
979-8642649534,5,2
979-8642649534,6,7
978-1098121228,0,0
978-1098121228,1,6
978-3110671100,0,1
978-3110671100,1,1
978-3110671100,2,1
978-3110671100,3,0
978-3110671100,4,6
978-3110671100,5,3
978-3110671100,6,8
979-8354411122,0,0
979-8354411122,1,5
979-8354411122,2,0
979-8354411122,3,4
979-8354411122,4,0
979-8354411122,5,3
979-8354411122,6,2
979-8354411122,7,7
979-8354411122,8,3
978-1098120610,0,8
978-1098120610,1,9
978-1491939369,0,9
978-1491939369,1,6
978-1491939369,2,0
978-1491939369,3,5
978-1491939369,4,2
978-1491939369,5,3
978-1491939369,6,4
978-1492053354,0,0
978-1492053354,1,5
978-1492053354,2,8
978-1492053354,3,5
978-1492053354,4,1
978-1492053354,5,3
978-1943872763,0,7
978-1943872763,1,9
978-1098100667,0,9
978-1098100667,1,0
978-1098100667,2,6
978-1098100667,3,2
978-1098100667,4,3
978-1098100667,5,5
979-8420836248,0,8
979-8420836248,1,6
979-8420836248,2,7
979-8420836248,3,1
979-8420836248,4,0
979-8420836248,5,1
979-8420836248,6,3
979-8420836248,7,3
979-8420836248,8,4
978-1492050049,0,1
978-1492050049,1,1
978-1492050049,2,8
978-1492050049,3,4
978-1492050049,4,7
978-1492050049,5,1
978-1491963043,0,7
978-1801075541,0,7
978-1801075541,1,4
978-1801075541,2,1
978-1801075541,3,1
978-1801075541,4,5
978-1801075541,5,4
978-1801075541,6,2
978-1462546138,0,2
978-1462546138,1,4
978-1462546138,2,9
978-1462546138,3,4
978-0134995458,0,3
978-0134995458,1,3
978-0134995458,2,4
978-0134995458,3,0
978-0134995458,4,3
978-0134995458,5,1
978-0134995458,6,4
978-0134995458,7,7
978-1506371832,0,7
978-1506371832,1,5
978-1506371832,2,5
978-1615470709,0,8
978-1615470709,1,4
978-1615470709,2,9
978-1615470709,3,9
978-1615470709,4,5
978-1615470709,5,5
978-0393347777,0,0
978-0393347777,1,7
978-0393347777,2,5
978-0393347777,3,6
978-0393347777,4,0
978-1529722475,0,5
979-8840191583,0,6
979-8840191583,1,4
979-8840191583,2,0
979-8840191583,3,5
979-8840191583,4,1
978-9355510655,0,2
978-9355510655,1,0
978-0135404676,0,2
978-0135404676,1,6
978-0135404676,2,7
978-0135404676,3,4
978-0135404676,4,9
978-1473953246,0,2
978-1473953246,1,8
978-1473953246,2,8
978-1493926138,0,0
978-1493926138,1,6
978-1493926138,2,9
978-1493926138,3,4
978-1493926138,4,7
978-1493926138,5,2
978-1493926138,6,3
978-1493926138,7,4
979-8803622086,0,4
979-8803622086,1,2
979-8803622086,2,7
979-8803622086,3,1
978-1119845256,0,9
978-1119845256,1,9
978-1119845256,2,0
978-1119845256,3,6
978-1119845256,4,4
978-1119845256,5,7
978-1119845256,6,8
978-1009060752,0,4
978-1119844396,0,8
978-1119844396,1,4
978-1119844396,2,7
978-1119844396,3,0
978-1119844396,4,5
978-1119844396,5,7
978-1119844396,6,8
978-1483816630,0,3
978-1483816630,1,1
978-1483816630,2,9
978-1483816630,3,0
978-1483816630,4,1
978-1483816630,5,5
978-1483816630,6,7
978-1483816630,7,7
978-1483816630,8,7
978-1119898481,0,0
978-1119898481,1,9
978-1119898481,2,4
978-1119898481,3,6
979-8363702990,0,3
979-8363702990,1,4
979-8363702990,2,5
979-8363702990,3,6
979-8363702990,4,0
979-8363702990,5,8
978-0367424619,0,5
978-0367424619,1,8
978-0367424619,2,0
978-0367424619,3,1
978-0367424619,4,7
978-0367424619,5,3
978-1398607231,0,6
978-1398607231,1,4
978-1398607231,2,0
978-1398607231,3,5
978-3030698072,0,2
979-8644826551,0,8
979-8644826551,1,0
979-8644826551,2,2
979-8644826551,3,2
979-8644826551,4,7
979-8644826551,5,9
979-8644826551,6,4
979-8644826551,7,3
978-1491907337,0,5
978-1491907337,1,8
978-1491907337,2,8
978-1491907337,3,5
978-1633438774,0,0
978-1633438774,1,8
978-1633438774,2,0
978-1633438774,3,5
978-1633438774,4,9
978-0262042680,0,9
979-8354840113,0,2
979-8354840113,1,6
979-8354840113,2,1
979-8354840113,3,5
979-8354840113,4,1
978-1777967161,0,2
978-1777967161,1,5
978-1777967161,2,7
978-1777967161,3,1
978-1777967161,4,6
978-1777967161,5,6
978-1777967161,6,9
978-1777967161,7,9
978-1491976449,0,1
978-1119337065,0,0
978-1119337065,1,6
978-1119337065,2,3
978-1119337065,3,9
978-1119337065,4,9
978-1119337065,5,8
978-1119337065,6,9
978-1119337065,7,3
978-1119337065,8,5
978-1789804379,0,1
978-1789804379,1,0
978-1789804379,2,8
978-1789804379,3,1
978-3030623401,0,2
978-1506397818,0,3
978-1506397818,1,5
978-1526449948,0,0
978-1526449948,1,6
978-1526449948,2,8
978-1526449948,3,3
978-9198299106,0,7
978-9198299106,1,0
978-9198299106,2,3
978-9198299106,3,3
978-1032322186,0,1
978-1032322186,1,3
978-1032322186,2,9
978-1032322186,3,7
978-1032322186,4,6
978-1032322186,5,7
978-1520807638,0,4
978-1520807638,1,3
978-1520807638,2,3
978-1520807638,3,9
978-1520807638,4,5
978-1520807638,5,8
978-1520807638,6,1
978-1617291388,0,7
978-1617291388,1,3
978-1787127487,0,2
978-1787127487,1,5
978-1593278595,0,0
978-0262232586,0,7
978-0262232586,1,2
978-0262232586,2,7
978-0262232586,3,4
978-0262232586,4,3
978-0262232586,5,4
978-1789531701,0,6
978-1789531701,1,5
978-1789531701,2,2
978-1789531701,3,1
978-1789531701,4,5
978-1789531701,5,3
978-1789531701,6,9
978-1789807356,0,0
978-1789807356,1,9
978-1789807356,2,7
978-1789807356,3,0
978-1789807356,4,6
978-1789807356,5,0
978-1789807356,6,6
979-8363221682,0,1
979-8444443675,0,4
979-8444443675,1,6
979-8444443675,2,6
979-8444443675,3,2
979-8444443675,4,4
979-8444443675,5,9
979-8444443675,6,1
978-1491901427,0,7
978-1118517147,0,7
978-1118517147,1,9
978-1071862414,0,1
978-1071862414,1,9
978-1071862414,2,2
978-1071862414,3,1
978-1071862414,4,5
978-1071862414,5,1
978-1071862414,6,2
978-1462549030,0,2
978-1462549030,1,2
978-1462549030,2,9
978-1462549030,3,0
978-1462549030,4,7
978-1462549030,5,3
978-1462549030,6,0
978-1118661468,0,3
978-1118661468,1,4
978-1118661468,2,6
978-1118661468,3,9
978-1118661468,4,3
978-1118661468,5,0
978-0201076165,0,1
978-0201076165,1,3
978-0201076165,2,1
978-0201076165,3,6
978-0201076165,4,2
978-0201076165,5,0
978-0201076165,6,5
978-0201076165,7,1
978-1503633711,0,9
978-1503633711,1,5
978-1503633711,2,7
978-1503633711,3,4
978-1503633711,4,4
978-1305947542,0,3
978-1305947542,1,2
978-1305947542,2,8
978-1305947542,3,2
978-1305947542,4,4
978-1803064420,0,6
978-1803064420,1,4
978-1803064420,2,5
978-1423247272,0,6
978-1423247272,1,4
978-1423247272,2,9
979-8356241734,0,4
979-8356241734,1,0
979-8356241734,2,7
979-8356241734,3,3
979-8356241734,4,1
979-8356241734,5,5
978-1838983048,0,5
978-1838983048,1,9
978-1838983048,2,0
978-1838983048,3,8
978-1838983048,4,3
978-1838983048,5,2
978-1838983048,6,0
978-1838983048,7,0
978-1838983048,8,2
978-1839212611,0,9
978-1839212611,1,0
978-1839212611,2,9
978-1839212611,3,5
978-1839212611,4,6
978-1839212611,5,3
978-1839212611,6,0
978-0367747336,0,0
978-0367747336,1,2
978-1654414016,0,2
978-1654414016,1,8
978-1654414016,2,7
978-0819491619,0,6
978-0819491619,1,6
978-0819491619,2,1
978-0819491619,3,7
978-0819491619,4,0
978-0819491619,5,9
978-0819491619,6,5
978-1838826031,0,4
978-1838826031,1,5
978-1838826031,2,0
978-1838826031,3,2
978-1398606050,0,1
978-1398606050,1,9
978-1398606050,2,0
978-1398606050,3,2
978-1398606050,4,9
979-8814257475,0,8
978-0471522775,0,2
978-0471522775,1,2
978-0471522775,2,7
978-0471522775,3,9
978-1912636235,0,4
978-1912636235,1,0
978-1912636235,2,2
978-1912636235,3,4
978-1118472538,0,1
978-1118472538,1,4
978-1118472538,2,8
978-1118472538,3,1
978-1118472538,4,1
978-1118472538,5,1
978-0357132098,0,2
978-0357132098,1,1
978-0357132098,2,5
978-0357132098,3,6
978-0357132098,4,4
978-0357132098,5,3
978-0357132098,6,7
978-0357132098,7,5
978-0357132098,8,8
978-1107154889,0,7
978-1107154889,1,1
978-1107154889,2,3
978-1107154889,3,4
978-1107154889,4,0
978-1107154889,5,8
978-1107154889,6,2
978-1107154889,7,9
978-3030542559,0,7
978-3030542559,1,0
978-3030542559,2,6
978-0486485829,0,1
978-0486485829,1,5
978-0486485829,2,7
978-0486485829,3,3
978-0486485829,4,1
978-0486485829,5,5
978-0486485829,6,6
978-0486485829,7,8
978-0486485829,8,9
978-1533598240,0,1
978-1533598240,1,2
978-1533598240,2,7
978-1533598240,3,4
978-1533598240,4,0
978-1533598240,5,6
978-1533598240,6,0
978-1533598240,7,2
978-0596802356,0,0
978-0596802356,1,1
978-0596802356,2,1
978-0596802356,3,9
978-0596802356,4,1
978-0596802356,5,8
978-0596802356,6,1
978-0596802356,7,8
978-0596802356,8,9
978-1118411315,0,8
978-1118411315,1,4
978-1118411315,2,5
978-1118411315,3,3
978-1118411315,4,3
978-1118411315,5,4
978-1071855102,0,7
978-1071855102,1,0
978-1484261927,0,2
978-1491978603,0,8
978-1491978603,1,0
978-1491978603,2,0
978-1491978603,3,0
978-1491978603,4,7
978-1491978603,5,0
978-1943873036,0,5
978-1943873036,1,9
978-1801819923,0,6
978-1801819923,1,4
978-1801819923,2,4
979-8640455267,0,4
979-8640455267,1,1
979-8640455267,2,7
979-8640455267,3,1
979-8640455267,4,6
979-8640455267,5,2
979-8640455267,6,0
979-8640455267,7,2
979-8640455267,8,2
978-0471420279,0,2
978-0471420279,1,5
978-0471420279,2,0
978-0471420279,3,0
978-0471420279,4,0
978-0471420279,5,6
978-0471420279,6,4
978-1509306978,0,3
978-3030441289,0,0
978-3030441289,1,0
978-1449373320,0,1
978-1449373320,1,6
978-1449373320,2,5
978-1449373320,3,6
978-1449373320,4,0
978-1449373320,5,0
978-1449373320,6,3
978-1449373320,7,9
978-1449373320,8,8
978-1423216438,0,7
978-1138035119,0,9
978-0749482169,0,5
978-0749482169,1,6
978-0749482169,2,0
978-0749482169,3,7
978-0323900249,0,5
978-0323900249,1,8
978-0323900249,2,2
978-0323900249,3,9
978-0323900249,4,9
979-8841846581,0,5
979-8841846581,1,2
979-8841846581,2,3
979-8841846581,3,6
979-8841846581,4,4
979-8841846581,5,0
978-0749482466,0,3
978-0749482466,1,4
978-0749482466,2,5
978-1800208933,0,4
978-1800208933,1,9
978-1800208933,2,5
978-1800208933,3,0
978-1800208933,4,3
978-1800208933,5,3
978-1800208933,6,5
978-1840787955,0,5
978-1840787955,1,6
978-1840787955,2,2
978-1840787955,3,9
978-1840787955,4,7
978-1840787955,5,2
978-1801072328,0,6
978-1801072328,1,7
978-1801072328,2,4
978-1801072328,3,2
978-1801072328,4,9
978-1801072328,5,7
978-1801072328,6,2
978-1801072328,7,5
978-1801072328,8,2
978-0486485812,0,2
978-0486485812,1,9
978-0486485812,2,5
978-0486485812,3,4
978-0486485812,4,6
978-1133490678,0,5
978-1133490678,1,4
978-1133490678,2,9
978-1133490678,3,5
978-1133490678,4,5
978-1133490678,5,0
978-1133490678,6,4
978-1133490678,7,2
978-1133490678,8,7
978-0128013700,0,5
978-1484288252,0,2
978-1484288252,1,0
978-0262033848,0,3
978-0262033848,1,6
978-0262033848,2,0
978-1541600980,0,1
978-1541600980,1,3
978-1541600980,2,1
978-1541600980,3,5
978-1423205425,0,5
978-1423205425,1,1
978-1423205425,2,9
978-1423205425,3,3
978-1423205425,4,5
978-1423205425,5,2
978-1461476177,0,2
978-1461476177,1,2
978-1461476177,2,4
978-1461476177,3,8
978-1461476177,4,6
978-0367263119,0,2
978-0367263119,1,8
978-0367263119,2,2
978-0367263119,3,2
978-0367263119,4,8
978-0367263119,5,4
978-0367263119,6,2
978-0367263119,7,0
978-0367263119,8,3
978-1108812900,0,0
978-1108812900,1,1
978-1108812900,2,3
978-1482258790,0,7
978-1482258790,1,4
978-1482258790,2,8
978-1482258790,3,0
978-1482258790,4,9
978-1482258790,5,1
978-1482258790,6,6
978-1482258790,7,6
978-1482258790,8,5
978-1936221486,0,3
978-1936221486,1,3
978-1936221486,2,1
978-1936221486,3,9
979-8355624026,0,3
979-8355624026,1,2
979-8355624026,2,1
979-8355624026,3,0
979-8361503742,0,7
979-8361503742,1,5
979-8361503742,2,1
979-8361503742,3,6
979-8361503742,4,8
979-8361503742,5,3
978-1509304219,0,9
978-1509304219,1,7
978-0367568276,0,1
978-0367568276,1,9
978-0367568276,2,9
978-0367568276,3,5
979-8359747660,0,8
979-8359747660,1,6
979-8359747660,2,3
978-1800562936,0,4
979-8358890916,0,4
979-8358890916,1,3
979-8358890916,2,0
979-8358890916,3,3
979-8358890916,4,0
979-8358890916,5,8
979-8358890916,6,8
979-8358890916,7,8
979-8358890916,8,8
978-0132847377,0,4
978-0132847377,1,3
978-0132847377,2,9
978-0132847377,3,3
978-0132847377,4,8
978-0132847377,5,5
978-3030780548,0,8
978-3030780548,1,2
978-3030780548,2,9
978-3030780548,3,9
978-3030780548,4,5
978-3030780548,5,2
978-3030780548,6,3
978-1680507225,0,2
979-8366393140,0,9
979-8366393140,1,5
979-8366393140,2,9
979-8366393140,3,4
979-8366393140,4,2
979-8366393140,5,1
979-8366393140,6,5
979-8366393140,7,1
979-8366393140,8,4
978-1617296444,0,9
978-1617296444,1,8
978-1617296444,2,3
978-1617296444,3,3
978-1617296444,4,9
978-1617296444,5,3
978-1617296444,6,7
978-1617296444,7,4
978-0132744287,0,2
978-0132744287,1,1
978-0132744287,2,3
978-0132744287,3,3
978-0132744287,4,3
978-0132744287,5,2
978-0132744287,6,1
978-0132744287,7,1
978-1789805826,0,5
978-1789805826,1,2
978-1789805826,2,3
978-1789805826,3,6
979-8418330888,0,0
979-8418330888,1,3
979-8418330888,2,9
979-8418330888,3,0
979-8418330888,4,8
978-0691172361,0,2
978-0691172361,1,8
978-0691172361,2,2
978-0691172361,3,5
978-0691172361,4,7
978-0691172361,5,8
978-0691172361,6,5
979-8360854005,0,0
979-8360854005,1,3
979-8360854005,2,8
979-8360854005,3,7
978-1071831403,0,5
978-1071831403,1,4
978-1071831403,2,2
978-1071831403,3,1
978-1071831403,4,5
978-1071831403,5,1
978-1071831403,6,7
978-1439868133,0,3
978-1439868133,1,4
978-1439868133,2,7
978-1439868133,3,0
978-1439868133,4,6
978-1439868133,5,6
978-1439868133,6,1
978-1439868133,7,2
978-1492093404,0,9
978-1492093404,1,4
978-1492093404,2,6
978-1492093404,3,0
978-1492093404,4,6
978-1492093404,5,7
978-1492093404,6,6
978-1634622783,0,0
978-1634622783,1,2
978-1634622783,2,7
978-1634622783,3,4
978-1634622783,4,9
978-1634622783,5,3
978-1634622783,6,2
978-1634622783,7,1
979-8824373264,0,5
979-8824373264,1,8
979-8824373264,2,1
978-1107159549,0,4
978-1107159549,1,2
978-1107159549,2,9
978-1777967130,0,1
978-1777967130,1,2
978-1777967130,2,6
978-1777967130,3,7
978-1777967130,4,5
978-1777967130,5,7
978-1777967130,6,6
978-1777967130,7,5
978-1305269477,0,6
978-1305269477,1,2
978-1305269477,2,4
978-1305269477,3,7
978-1305269477,4,8
978-1803243191,0,4
978-1803243191,1,5
978-1803243191,2,2
978-1803243191,3,7
978-1803243191,4,0
978-1803243191,5,9
978-1803243191,6,7
978-1423221692,0,9
978-1423221692,1,0
978-1423221692,2,5
978-1423221692,3,4
978-1423221692,4,4
978-1098112929,0,2
978-1098112929,1,1
978-1098112929,2,0
978-1098112929,3,6
978-1526458926,0,5
978-1526458926,1,1
978-1526458926,2,9
978-1526458926,3,6
978-1526458926,4,8
978-1526458926,5,0
978-1526458926,6,1
978-1526458926,7,9
978-1526458926,8,0
979-8357759511,0,2
979-8357759511,1,9
979-8357759511,2,5
979-8357759511,3,4
979-8357759511,4,1
979-8357759511,5,1
979-8357294340,0,3
979-8366746908,0,4
979-8366746908,1,6
979-8366746908,2,3
979-8366746908,3,5
979-8366746908,4,4
979-8366746908,5,9
979-8366746908,6,3
979-8366746908,7,9
978-1473756540,0,6
978-1473756540,1,5
978-1473756540,2,9
978-1473756540,3,7
978-1484254936,0,0
978-1319226237,0,9
978-1319226237,1,6
978-1319226237,2,7
978-1319226237,3,0
978-1319226237,4,1
978-1319226237,5,1
978-1319226237,6,3
978-1319226237,7,4
978-1319226237,8,8
978-0226817736,0,0
978-0226817736,1,8
978-0226817736,2,5
978-0226817736,3,2
978-0226817736,4,6
978-0826165817,0,6
978-0826165817,1,6
978-0826165817,2,7
978-0826165817,3,0
978-0826165817,4,3
978-0826165817,5,4
978-0826165817,6,1
978-1634629621,0,6
978-1634629621,1,5
978-1634629621,2,4
978-1634629621,3,4
978-1634629621,4,9
978-1634629621,5,5
978-1634629621,6,5
978-1634629621,7,2
978-1526404763,0,4
978-1526404763,1,7
978-1526404763,2,0
978-1526404763,3,7
978-1526404763,4,2
978-1526404763,5,5
978-1119231387,0,4
978-1119231387,1,6
978-1119231387,2,9
978-1119231387,3,7
979-8359741125,0,8
979-8359741125,1,3
979-8359741125,2,2
979-8359741125,3,9
978-1081762469,0,3
978-1081762469,1,3
978-1081762469,2,9
978-1081762469,3,4
978-1081762469,4,8
978-1081762469,5,9
978-1449357108,0,2
978-1449357108,1,4
978-1449357108,2,0
978-1449357108,3,2
978-1449357108,4,3
978-1449357108,5,9
978-1449357108,6,2
978-1449357108,7,2
978-1119821328,0,1
978-1119821328,1,4
978-1119821328,2,3
978-1119906773,0,0
978-1119906773,1,3
978-1589486089,0,7
978-1589486089,1,4
978-1589486089,2,6
978-1589486089,3,7
978-1589486089,4,3
978-1589486089,5,1
978-1589486089,6,5
978-1735431185,0,0
978-1735431185,1,0
978-1735431185,2,7
978-1735431185,3,5
978-1735431185,4,0
978-1735431185,5,8
978-1735431185,6,8
978-0357109953,0,6
978-0357109953,1,3
978-1801817479,0,9
978-1801817479,1,1
978-1593279561,0,0
978-1593279561,1,0
978-1593279561,2,7
978-1593279561,3,7
978-1593279561,4,2
978-1593279561,5,7
978-1492061373,0,8
978-1492061373,1,3
978-1492061373,2,3
978-1492061373,3,1
978-1492061373,4,3
978-1492061373,5,1
978-1492061373,6,0
978-1800563452,0,9
978-1800563452,1,5
978-1800563452,2,9
978-1800563452,3,0
978-1119698722,0,2
978-1119698722,1,1
978-1119698722,2,3
978-1079983357,0,7
978-1079983357,1,0
978-1079983357,2,2
978-1079983357,3,9
978-1079983357,4,5
978-1079983357,5,8
978-1079983357,6,3
978-1079983357,7,4
978-1079983357,8,7
978-1633439368,0,3
978-1633439368,1,4
978-1633439368,2,4
978-1492081005,0,8
978-1492081005,1,7
978-1492081005,2,9
978-1492081005,3,8
978-1492081005,4,5
978-0735619012,0,0
978-0735619012,1,8
978-0735619012,2,2
978-0735619012,3,3
978-1108489737,0,4
978-1108489737,1,4
978-1108489737,2,1
978-1108489737,3,2
978-0134855684,0,9
978-1735431154,0,1
978-1735431154,1,4
978-0578973838,0,6
978-1119621492,0,1
978-1119621492,1,9
978-1119621492,2,6
978-1735431109,0,2
978-1735431109,1,6
978-1735431109,2,8
978-1735431109,3,2
978-1119669364,0,0
978-1119669364,1,8
978-1119669364,2,1
978-0137444267,0,8
978-0137444267,1,9
978-0137444267,2,9
978-0137444267,3,2
978-0137444267,4,5
978-0137444267,5,8
978-0137444267,6,1
978-0137444267,7,5
978-1702688529,0,2
978-1702688529,1,0
978-1702688529,2,5
978-1702688529,3,5
978-1702688529,4,5
978-1702688529,5,3
978-1702688529,6,5
978-1702688529,7,7
978-1702688529,8,5
978-1509305889,0,1
978-1509305889,1,0
978-1509305889,2,4
978-1509305889,3,5
978-1975906658,0,0
978-1975906658,1,7
978-1975906658,2,7
978-1975906658,3,2
978-1975906658,4,4
978-1975906658,5,6
978-1975906658,6,2
978-1492040682,0,7
978-1492040682,1,2
978-1492040682,2,9
978-1492040682,3,3
978-1492040682,4,6
978-1098104795,0,0
978-1098104795,1,3
978-1098104795,2,8
978-1098104795,3,6
978-1098104795,4,6
978-1098104795,5,3
978-1119021438,0,3
978-1119021438,1,3
978-1119021438,2,2
978-1800561571,0,0
978-1800561571,1,0
978-1800561571,2,3
978-1800561571,3,4
978-1800561571,4,3
978-1800561571,5,8
978-1800561571,6,3
978-1800561571,7,7
979-8678745439,0,6
979-8678745439,1,0
979-8678745439,2,5
979-8678745439,3,2
979-8678745439,4,1
979-8678745439,5,0
979-8678745439,6,4
979-8678745439,7,2
978-1803246789,0,3
978-1839213106,0,9
978-1839213106,1,9
978-1839213106,2,8
978-1839213106,3,3
978-1839213106,4,8
978-1839213106,5,2
979-8691308086,0,0
979-8691308086,1,0
979-8691308086,2,7
979-8691308086,3,7
979-8691308086,4,3
978-1789344523,0,3
978-1789344523,1,5
978-1789344523,2,9
978-1800568914,0,6
978-1800568914,1,2
978-1800568914,2,9
978-1800568914,3,6
978-1800568914,4,6
978-1800568914,5,2
978-1800568914,6,5
978-1099184871,0,7
978-1099184871,1,7
978-1801078511,0,5
978-1957590325,0,1
978-1957590325,1,8
978-0137613663,0,3
978-0137613663,1,2
978-0137613663,2,1
978-0137613663,3,9
978-0137613663,4,2
978-0137613663,5,3
978-1098104030,0,4
978-1098104030,1,3
978-1098104030,2,0
978-1098104030,3,3
978-1098104030,4,3
978-1098104030,5,9
978-0691199436,0,6
978-0691199436,1,0
978-0691199436,2,4
978-0691199436,3,4
978-0691199436,4,1
978-0691199436,5,2
978-0691199436,6,3
978-0128117606,0,7
978-0128117606,1,9
978-0128117606,2,5
978-0128117606,3,9
978-0128117606,4,4
978-0128117606,5,2
978-0128117606,6,8
978-1119787600,0,1
978-1119787600,1,3
978-1119787600,2,1
978-1119787600,3,5
979-8354101856,0,9
979-8354101856,1,9
979-8354101856,2,7
979-8354101856,3,9
979-8354101856,4,5
979-8354101856,5,0
979-8354101856,6,2
979-8354101856,7,5
978-1493223022,0,8
978-1493223022,1,7
978-1493223022,2,5
978-1493223022,3,5
978-1493223022,4,8
978-1718502222,0,2
978-1718502222,1,6
978-1718502222,2,9
978-1718502703,0,8
978-1718502703,1,6
978-1801819992,0,6
978-1801819992,1,9
978-1801819992,2,8
978-1801819992,3,3
978-1801819992,4,1
978-1980953906,0,0
978-1980953906,1,5
978-1980953906,2,9
978-1980953906,3,2
978-1980953906,4,8
978-1980953906,5,1
978-1980953906,6,8
978-1980953906,7,4
978-1108701129,0,8
978-1108701129,1,0
978-1108701129,2,9
978-1119860259,0,6
978-1119860259,1,3
978-1804610619,0,5
978-1718500501,0,9
978-1718500501,1,5
978-1718500501,2,9
978-1718500501,3,2
978-1119850649,0,1
978-1119850649,1,2
978-1032014432,0,6
978-0997326475,0,8
978-0997326475,1,6
978-0997326475,2,5
978-0997326475,3,3
978-0997326475,4,1
978-0997326475,5,2
978-0997326475,6,4
978-1801813051,0,6
978-1119820864,0,4
978-1119820864,1,9
978-1119820864,2,2
978-1119820864,3,7
978-1119820864,4,7
978-1119820864,5,8
978-1119820864,6,0
978-1119820864,7,5
978-1492055020,0,0
978-1943872749,0,0
978-1943872749,1,4
978-1943872749,2,8
978-1943872749,3,5
978-1943872749,4,1
978-1943872749,5,0
978-1943872749,6,2
978-1593278786,0,2
978-1979824781,0,5
978-1979824781,1,1
978-1979824781,2,5
978-1979824781,3,0
978-1979824781,4,3
978-1979824781,5,1
978-1979824781,6,0
978-1492085256,0,5
978-1492085256,1,6
978-1492085256,2,6
978-1589484993,0,1
978-1589484993,1,5
978-1589484993,2,7
978-1589484993,3,4
978-1589484993,4,1
978-1589484993,5,8
978-1589484993,6,3
978-1589484993,7,1
978-1589484993,8,7
978-1593278571,0,6
978-1593278571,1,4
978-1593278571,2,1
978-1593278571,3,2
978-1593278571,4,9
978-1593278571,5,4
978-1593278571,6,7
978-1589483712,0,3
978-1589483712,1,5
978-1589483712,2,8
978-1589483712,3,1
978-1589483712,4,3
978-1589483712,5,0
978-1801814010,0,9
978-1801814010,1,0
978-1801814010,2,7
978-1801814010,3,0
978-1801814010,4,0
978-1801814010,5,9
978-1801814010,6,7
978-1801814010,7,5
978-1801814010,8,8
979-8775112295,0,9
979-8775112295,1,1
979-8775112295,2,5
979-8775112295,3,3
978-1801815093,0,1
978-1801815093,1,6
978-1801815093,2,2
978-1801815093,3,4
978-1484289822,0,0
978-1484289822,1,2
978-1484289822,2,3
978-1484289822,3,2
978-1484289822,4,4
978-1484289822,5,0
978-1484289822,6,1
978-1484289822,7,2
978-1492024330,0,2
978-1593278960,0,5
978-1916499706,0,4
978-1916499706,1,7
978-1916499706,2,4
978-0691180571,0,7
978-1108949477,0,8
978-1108949477,1,6
978-1108949477,2,7
978-1108949477,3,2
978-1108949477,4,5
978-1108949477,5,8
978-1108949477,6,8
978-1936120994,0,0
978-1839213472,0,6
978-1839213472,1,5
978-1839213472,2,1
978-1803246802,0,2
978-1803246802,1,0
978-1803246802,2,7
978-1803246802,3,0
978-1803246802,4,5
978-1491933176,0,5
978-1491933176,1,1
978-1491933176,2,0
978-1491933176,3,9
978-1491933176,4,2
979-8589463590,0,3
979-8589463590,1,3
979-8589463590,2,3
979-8589463590,3,2
979-8589463590,4,0
979-8589463590,5,7
978-1719884839,0,0
978-1719884839,1,3
978-1719884839,2,4
978-1838190187,0,4
978-1593275907,0,5
978-1593275907,1,4
978-1593275907,2,5
978-1593275907,3,0
978-1593275907,4,4
978-1593275907,5,3
978-1718502185,0,1
978-0691150154,0,8
978-0691150154,1,3
978-0691150154,2,9
978-0691150154,3,0
978-0691150154,4,3
978-0691150154,5,2
978-0691150154,6,6
978-0691150154,7,0
979-8782427801,0,6
979-8782427801,1,6
979-8782427801,2,0
978-1491989388,0,6
978-1491989388,1,4
978-1491989388,2,9
978-1491989388,3,9
978-1491989388,4,5
978-1491989388,5,1
978-1491958704,0,7
978-1491958704,1,7
978-1491958704,2,0
978-1491958704,3,3
978-1491958704,4,2
978-1491958704,5,6
978-1491958704,6,4
978-1491958704,7,0
978-1491958704,8,6
978-3030703462,0,4
978-3030703462,1,0
978-3030703462,2,7
978-3030703462,3,3
978-3030703462,4,7
978-3030703462,5,2
978-3030703462,6,4
978-3030703462,7,9
978-1119643814,0,9
978-1119643814,1,6
978-1119643814,2,5
978-1119643814,3,1
978-1119643814,4,0
978-1119643814,5,8
978-1119643814,6,3
978-1119643814,7,8
978-1119741749,0,7
978-1119741749,1,5
978-1119741749,2,8
978-1119741749,3,8
978-1119741749,4,3
978-1119741749,5,3
978-1119741749,6,3
978-1119741749,7,2
978-1119741749,8,0
978-1686407376,0,6
978-1686407376,1,9
978-1686407376,2,9
978-1686407376,3,7
978-1686407376,4,1
978-1686407376,5,8
978-1686407376,6,2
978-1686407376,7,9
978-0691223650,0,0
978-0134845623,0,2
978-1264257355,0,3
978-1264257355,1,6
978-1264257355,2,0
978-1264257355,3,1
978-1264257355,4,3
978-1264257355,5,6
978-1264257355,6,2
978-1264257355,7,8
978-1409599340,0,3
978-1409599340,1,0
978-1409599340,2,1
978-1409599340,3,5
978-1409599340,4,2
978-1409599340,5,8
978-1409599340,6,7
978-1409599340,7,6
979-8683845827,0,7
979-8683845827,1,5
979-8683845827,2,2
979-8683845827,3,1
979-8683845827,4,1
979-8683845827,5,8
979-8683845827,6,9
979-8683845827,7,9
978-1803247823,0,2
978-1803247823,1,0
978-1803247823,2,9
978-1803247823,3,2
978-1803247823,4,7
978-1803247823,5,0
978-1803247823,6,2
978-1803247823,7,4
978-1839212505,0,3
978-1839212505,1,4
978-1839212505,2,2
978-1839212505,3,3
978-1839212505,4,8
978-1839212505,5,9
978-1839212505,6,9
978-1839212505,7,9
978-1839212505,8,4
978-1593276409,0,8
978-1593276409,1,0
978-1593276409,2,3
978-1593276409,3,3
978-1593276409,4,9
978-1593276409,5,7
978-1593276409,6,4
978-1593276409,7,0
978-1593276409,8,3
978-1617297441,0,9
978-1617297441,1,5
978-1617297441,2,5
978-1617297441,3,0
978-1800208131,0,3
978-1800208131,1,7
978-1800208131,2,1
978-1801073448,0,6
978-1801073448,1,4
978-1801073448,2,2
978-1801073448,3,7
978-1801071871,0,9
978-1801071871,1,0
978-1801071871,2,9
978-1801071871,3,4
978-1801071871,4,6
978-1801071871,5,3
978-1801071871,6,0
978-1484242452,0,9
978-1484242452,1,4
978-1484242452,2,9
978-1484242452,3,9
978-1484242452,4,5
978-1484242452,5,1
978-1893699533,0,4
978-1108745918,0,6
978-1108745918,1,0
978-1108745918,2,6
978-1108745918,3,1
978-1108745918,4,6
978-1108745918,5,8
978-1108745918,6,8
978-1108745918,7,8
978-1108745918,8,7
978-1800563353,0,7
978-1800563353,1,0
978-1800563353,2,7
978-1593275990,0,0
978-1593275990,1,0
978-1593275990,2,1
978-1593275990,3,4
978-1593275990,4,7
978-1593275990,5,6
978-1593275990,6,5
978-1698951010,0,9
978-1698951010,1,9
978-1698951010,2,6
978-1698951010,3,1
978-1491985571,0,9
978-1491985571,1,3
978-1491985571,2,5
978-1491985571,3,5
978-1491985571,4,5
978-1491985571,5,3
978-1491985571,6,5
978-1491985571,7,4
978-1484281079,0,6
978-1484281079,1,6
978-1484281079,2,8
978-1484281079,3,9
978-1484281079,4,0
978-1484281079,5,5
978-1484281079,6,8
978-1484281079,7,3
978-1484281079,8,8
978-1890774974,0,6
978-1890774974,1,1
978-1890774974,2,8
978-1890774974,3,1
978-1890774974,4,6
978-1890774974,5,0
978-1838987312,0,3
978-1838987312,1,4
978-1838987312,2,7
978-1617298660,0,1
978-1617298660,1,1
978-1617298660,2,4
978-1617298660,3,8
978-1617298660,4,2
978-1617298660,5,7
978-1617298660,6,9
978-1617298660,7,7
978-1718502161,0,6
978-1718502161,1,7
978-1718502161,2,4
978-1718502161,3,1
978-1718502161,4,8
978-1718502161,5,4
978-1617295980,0,1
978-1617295980,1,8
978-1617295980,2,0
978-1617295980,3,2
978-1617295980,4,0
978-1617295980,5,8
978-1617295980,6,0
979-8353349204,0,1
979-8353349204,1,2
979-8353349204,2,0
979-8353349204,3,3
979-8353349204,4,2
978-1801077262,0,1
978-1801077262,1,3
978-1801077262,2,4
978-1801077262,3,6
978-1801077262,4,1
978-1801077262,5,5
978-1801077262,6,9
978-1801077262,7,6
978-1801077262,8,9
978-1661846282,0,1
978-1661846282,1,5
978-1661846282,2,9
978-1661846282,3,0
978-1661846282,4,4
979-8691180538,0,5
978-1593276034,0,9
978-1593276034,1,9
978-1593276034,2,1
978-1593276034,3,2
978-1593276034,4,6
978-1593276034,5,5
978-0135224335,0,2
978-0135224335,1,0
978-0135224335,2,9
978-0135224335,3,7
978-1492075332,0,4
978-1492075332,1,7
978-1492075332,2,3
978-1492075332,3,8
978-1492075332,4,8
978-0262542364,0,7
978-0262542364,1,6
978-0262542364,2,3
978-0262542364,3,3
978-0262542364,4,7
978-0262542364,5,5
978-0262542364,6,8
978-1492093329,0,4
978-1492093329,1,5
978-1492093329,2,6
978-1718500686,0,3
978-1718500686,1,0
978-1718500686,2,3
978-1718500686,3,2
978-1718500686,4,1
978-1718500686,5,6
978-1718500686,6,9
978-1718500686,7,3
978-1718500686,8,0
979-8691155918,0,6
978-1839214677,0,5
978-1839214677,1,5
978-1839214677,2,3
978-1839214677,3,7
978-1839214677,4,2
978-1839214677,5,9
978-1987518979,0,3
978-1987518979,1,6
978-1987518979,2,0
978-0679726470,0,8
978-0679726470,1,6
978-1718502024,0,2
978-1718502024,1,9
978-1718502024,2,2
978-1775093343,0,9
978-0471778646,0,2
979-8408663415,0,3
979-8408663415,1,8
979-8408663415,2,4
979-8408663415,3,4
979-8408663415,4,6
978-0134123486,0,6
978-0134123486,1,1
978-0134123486,2,1
978-0134123486,3,9
978-0134123486,4,1
978-0134123486,5,4
978-0134123486,6,6
978-1718501324,0,1
978-1718501324,1,7
978-1718501324,2,3
978-1718501324,3,7
978-1718501324,4,7
978-1718501324,5,1
978-1718501324,6,8
978-1718501324,7,9
978-1449369415,0,6
978-1449369415,1,3
978-1449369415,2,6
978-1449369415,3,6
978-1449369415,4,0
978-1449369415,5,5
978-1449369415,6,2
978-1449369415,7,8
978-1108716833,0,9
978-1108716833,1,7
978-1108716833,2,3
978-1259644535,0,0
978-1259644535,1,5
978-1680508604,0,7
978-1680508604,1,9
978-1680508604,2,0
978-1525304460,0,9
978-1525304460,1,8
978-1525304460,2,5
978-1525304460,3,0
978-1525304460,4,6
978-1525304460,5,8
978-1525304460,6,9
978-1525304460,7,5
978-1646113880,0,5
979-8556824027,0,8
979-8556824027,1,6
979-8556824027,2,6
979-8556824027,3,9
979-8556824027,4,2
979-8556824027,5,1
979-8352808191,0,8
979-8352808191,1,5
979-8352808191,2,8
979-8352808191,3,7
979-8352808191,4,3
979-8352808191,5,0
979-8352808191,6,6
979-8352808191,7,1
979-8352808191,8,5
978-0545451925,0,2
978-0545451925,1,2
978-0545451925,2,1
978-0545451925,3,8
978-0545451925,4,9
978-0545451925,5,2
978-0545451925,6,8
978-0545451925,7,7
978-1838552183,0,9
978-1838552183,1,5
979-8364281784,0,9
979-8364281784,1,4
979-8364281784,2,1
978-1617298417,0,1
978-1803244808,0,8
978-1803244808,1,0
978-1803244808,2,3
978-1803244808,3,3
978-1803244808,4,7
979-8840562086,0,4
979-8840562086,1,6
979-8840562086,2,2
979-8840562086,3,4
979-8840562086,4,4
979-8840562086,5,8
979-8840562086,6,0
979-8840562086,7,4
978-1697271065,0,0
978-1697271065,1,6
978-1697271065,2,2
979-8411806373,0,0
979-8411806373,1,6
978-1423901129,0,7
978-1423901129,1,6
978-1423901129,2,2
978-1423901129,3,6
978-1098118808,0,6
978-1098118808,1,3
978-1098118808,2,7
978-1098118808,3,4
978-1098118808,4,3
978-1098118808,5,5
978-1098118808,6,2
978-1098118808,7,8
978-1098118808,8,8
979-8629849124,0,6
979-8629849124,1,5
979-8629849124,2,6
978-1492052203,0,2
978-1492052203,1,8
978-1492052203,2,7
978-1492052203,3,1
978-1492052203,4,4
978-1492052203,5,6
978-1098120474,0,2
978-1098120474,1,8
978-1098120474,2,1
978-1098113551,0,7
978-1098113551,1,9
978-1098113551,2,9
978-1617296864,0,4
978-1617296864,1,3
978-1617296864,2,5
978-1718501249,0,9
978-1718501249,1,4
978-1838644147,0,5
978-1838644147,1,6
978-1838644147,2,3
978-1838644147,3,8
978-1838644147,4,3
978-1838644147,5,6
979-8366176859,0,6
979-8366176859,1,4
979-8366176859,2,0
979-8366176859,3,9
978-1605660585,0,0
978-1804611210,0,3
978-1804611210,1,9
978-1804611210,2,8
978-1804611210,3,3
978-1009098489,0,7
978-1009098489,1,8
978-1009098489,2,1
978-1009098489,3,2
978-1009098489,4,7
978-1801071970,0,7
978-1801071970,1,9
978-1801071970,2,3
978-1801071970,3,3
978-1098107963,0,1
978-0133991024,0,3
978-0133991024,1,9
978-0133991024,2,9
978-0133991024,3,2
978-0133991024,4,8
978-0133991024,5,7
978-1718502604,0,5
978-0231193115,0,5
978-0231193115,1,6
978-0231193115,2,1
978-0231193115,3,0
978-0231193115,4,5
978-0231193115,5,6
978-1633430273,0,2
978-1633430273,1,0
978-1633430273,2,1
978-1633430273,3,7
978-1633430273,4,8
978-1633430273,5,1
978-1633430273,6,8
978-1633430273,7,8
978-1633430273,8,6
978-1491952962,0,5
978-1491952962,1,1
978-1491952962,2,1
978-1491952962,3,4
978-1491952962,4,8
978-1119821182,0,2
978-0374602543,0,3
978-0374602543,1,7
978-1492073055,0,2
978-1492073055,1,0
978-1492073055,2,8
978-1617299193,0,8
978-1617299193,1,2
978-1617299193,2,6
978-1617299193,3,9
978-1617299193,4,4
978-1617299193,5,6
978-1617299193,6,6
978-1138492530,0,7
978-1138492530,1,6
978-1138492530,2,2
978-1138492530,3,9
978-1138492530,4,8
978-1138492530,5,8
978-1138492530,6,6
978-1534465350,0,1
978-1534465350,1,8
978-1534465350,2,7
978-1534465350,3,7
978-1534465350,4,6
978-1534465350,5,3
978-1534465350,6,2
978-1534465350,7,8
978-1534465350,8,9
978-3319554433,0,8
978-1421445304,0,0
978-1938946035,0,6
978-1938946035,1,6
978-1938946035,2,4
978-1938946035,3,0
978-1938946035,4,8
978-1365061462,0,1
978-1365061462,1,7
978-1365061462,2,3
978-1365061462,3,5
978-1491931554,0,5
978-1491931554,1,9
978-1491931554,2,1
978-1491931554,3,3
978-1491931554,4,7
978-1484270974,0,8
978-1484270974,1,8
978-1484270974,2,2
978-1484270974,3,8
978-1484270974,4,5
978-1484270974,5,5
978-1119810087,0,8
978-1119810087,1,8
978-1118876138,0,0
978-1118876138,1,8
978-1945509469,0,5
978-1945509469,1,7
978-1945509469,2,0
978-1945509469,3,4
978-1945509469,4,9
978-1945509469,5,3
978-1734276305,0,1
978-1098120207,0,8
978-1098120207,1,0
978-1647824198,0,5
978-1647824198,1,9
978-1647824198,2,5
978-1647824198,3,5
978-1647824198,4,1
978-1647824198,5,0
978-1647824198,6,0
978-1647824198,7,6
978-1647824198,8,8
979-8655659063,0,3
979-8655659063,1,7
979-8655659063,2,2
979-8655659063,3,8
979-8655659063,4,4
978-1419735219,0,9
978-1419735219,1,6
978-1419735219,2,5
978-1419735219,3,8
978-1419735219,4,3
978-1419735219,5,5
978-1419735219,6,6
978-0198862758,0,2
978-0198862758,1,7
978-0198862758,2,5
978-1734790146,0,4
978-1734790146,1,0
978-1734790146,2,6
978-1734790146,3,6
978-1734790146,4,0
978-1665915946,0,0
978-1665915946,1,9
978-1801811958,0,4
978-1801811958,1,1
978-1801811958,2,5
978-1801811958,3,2
978-1801811958,4,2
978-1801811958,5,1
978-1801811958,6,4
978-1801811958,7,3
978-1801811958,8,6
978-1999579500,0,5
978-1999579500,1,1
978-1999579500,2,0
978-1999579500,3,4
978-1999579500,4,5
978-1999579500,5,7
978-1999579500,6,2
978-1999579500,7,5
978-0387310732,0,5
978-0387310732,1,7
978-0387310732,2,7
978-0387310732,3,6
978-0387310732,4,7
978-0387310732,5,8
978-0387310732,6,1
978-0387310732,7,4
978-1633430037,0,3
978-1633430037,1,5
978-1800207653,0,4
978-1800207653,1,7
978-1800207653,2,6
978-1800207653,3,6
978-1800207653,4,3
978-1800207653,5,0
978-1800207653,6,5
978-1634622820,0,8
978-1634622820,1,4
978-1634622820,2,1
978-1634622820,3,7
978-1617292231,0,9
978-1617292231,1,1
978-1617292231,2,3
978-1617292231,3,0
978-1617292231,4,5
978-0525509202,0,8
978-0525509202,1,0
978-0525509202,2,6
978-9391392871,0,6
978-9391392871,1,2
978-9391392871,2,3
978-9391392871,3,5
979-8689115320,0,6
979-8689115320,1,7
979-8689115320,2,3
979-8689115320,3,4
978-1839210648,0,7
978-1839210648,1,4
978-1839210648,2,4
978-1839210648,3,9
978-1839210648,4,6
978-1839210648,5,2
978-1839210648,6,5
978-1839210648,7,3
978-1506389578,0,9
978-1506389578,1,6
978-1506389578,2,0
978-1506389578,3,7
979-8523410147,0,3
979-8523410147,1,8
979-8523410147,2,8
979-8523410147,3,0
979-8523410147,4,9
979-8523410147,5,5
979-8523410147,6,5
979-8523410147,7,1
978-1734790153,0,4
978-1734790153,1,4
978-1734790153,2,2
978-1734790153,3,7
978-1734790153,4,9
978-1734790153,5,0
978-1398606128,0,5
978-1398606128,1,7
979-8813031571,0,1
979-8813031571,1,1
979-8813031571,2,6
979-8813031571,3,8
978-0135192016,0,3
978-0135192016,1,5
978-0135192016,2,0
978-0135192016,3,1
978-0135192016,4,7
978-1118841556,0,8
978-1118841556,1,2
978-1118841556,2,0
978-1118841556,3,9
978-1138311183,0,5
978-1138311183,1,1
978-1138311183,2,1
978-1138311183,3,6
978-1138311183,4,5
978-1138311183,5,8
978-1138311183,6,4
978-1138311183,7,4
978-1138311183,8,0
978-0984782857,0,4
978-0984782857,1,6
978-0984782857,2,6
978-0984782857,3,2
978-0984782857,4,7
978-0984782857,5,8
978-0984782857,6,1
978-3110629392,0,3
978-3110629392,1,5
978-3110629392,2,1
978-3110629392,3,5
978-3110629392,4,3
978-3110629392,5,2
978-3110629392,6,9
978-3110629392,7,5
978-1569908860,0,8
978-1569908860,1,7
978-1569908860,2,8
978-1569908860,3,8
978-1569908860,4,2
978-1782173359,0,0
978-1782173359,1,7
978-1782173359,2,6
978-1782173359,3,4
978-1782173359,4,8
978-1782173359,5,1
978-1782173359,6,3
978-1782173359,7,8
978-1607857464,0,7
978-1607857464,1,4
978-1607857464,2,3
978-1607857464,3,0
978-1607857464,4,5
978-1607857464,5,8
978-1607857464,6,1
978-1617298059,0,3
978-1617298059,1,1
978-1617298059,2,4
978-1617298059,3,4
978-1617298059,4,1
978-1617298059,5,9
978-1617298059,6,5
979-8712251803,0,0
979-8712251803,1,0
979-8712251803,2,4
979-8712251803,3,9
978-1484289945,0,2
978-1484289945,1,5
978-1484289945,2,5
978-1484289945,3,3
978-1484289945,4,8
978-1484289945,5,0
978-1484289945,6,8
978-1484289945,7,0
979-8355977658,0,9
978-1119869986,0,7
978-1119869986,1,5
978-1119869986,2,6
978-1119869986,3,7
978-1119869986,4,4
978-1119869986,5,3
978-0136624356,0,2
978-3030883881,0,9
978-3030883881,1,8
978-3030883881,2,3
978-3030883881,3,3
978-1647820107,0,8
978-1647820107,1,8
978-1647820107,2,9
978-1647820107,3,5
978-1647820107,4,7
978-1647820107,5,3
978-1647820107,6,5
978-1647820107,7,6
979-8839615700,0,3
979-8839615700,1,7
979-8839615700,2,3
979-8839615700,3,2
979-8839615700,4,6
978-1941691243,0,0
978-1941691243,1,0
978-1941691243,2,9
978-1941691243,3,9
978-1941691243,4,1
978-1941691243,5,4
978-1941691243,6,7
978-1941691243,7,4
978-1941691243,8,0
978-1324006732,0,9
978-1324006732,1,3
978-1800563766,0,3
978-1800563766,1,7
978-1800563766,2,9
978-1800563766,3,7
978-1800563766,4,3
978-1800563766,5,9
978-0367000080,0,2
978-0367000080,1,2
978-0367000080,2,9
978-0367000080,3,8
978-0367000080,4,4
978-0367000080,5,4
978-0367000080,6,6
978-0367754266,0,3
978-0367754266,1,7
978-0367754266,2,5
978-0367754266,3,6
978-0367754266,4,7
978-0367754266,5,8
978-0367754266,6,7
978-1801819312,0,4
978-1801819312,1,7
978-1801819312,2,2
978-1492097846,0,7
978-1492097846,1,3
978-1492097846,2,1
978-1803241333,0,8
978-1803241333,1,2
978-1803241333,2,2
978-1803241333,3,3
978-1803241333,4,8
978-1803241333,5,0
978-1803241333,6,4
978-1803241333,7,4
978-1803241333,8,8
